<?xml version="1.0" encoding="UTF-8"?>
<!DOCTYPE suite SYSTEM "https://testng.org/testng-1.0.dtd">
<suite name="Suite" verbose="5" data-provider-thread-count="2">
	<test thread-count="2" name="Test">
		<classes>
			<class name="week7.assignments.day2.test.CreateLeadTestcase" />
			<class name="week7.assignments.day2.test.EditLeadTestcase" />
			<class name="week7.assignments.day2.test.DuplicateLeadTestcase" />
			<class name="week7.assignments.day2.test.FindLeadTestcase" />
			<class name="week7.assignments.day2.test.DeleteLeadTestcase" />
		</classes>
	</test> <!-- Test -->
</suite> <!-- Suite -->
